{"cameraMode":{"drawMode":0,"name":"Shaded","section":"Shading Mode"},"sceneLighting":false,"audioPlay":false,"sceneViewState":{"showFog":true,"showMaterialUpdate":false,"showSkybox":false,"showFlares":true,"showImageEffects":true,"showParticleSystems":true},"in2DMode":false,"pivot":{"x":12.164154052734375,"y":3.8640661239624025,"z":-4.004837989807129},"rotation":{"x":-0.02345290593802929,"y":0.9731529951095581,"z":-0.11527816206216812,"w":-0.19797541201114655},"size":8.573651313781739,"orthographic":false}