{"cameraMode":{"drawMode":0,"name":"Shaded","section":"Shading Mode"},"sceneLighting":false,"audioPlay":false,"sceneViewState":{"showFog":true,"showMaterialUpdate":false,"showSkybox":false,"showFlares":true,"showImageEffects":true,"showParticleSystems":true},"in2DMode":false,"pivot":{"x":14.339468002319336,"y":0.9863245487213135,"z":-3.752336025238037},"rotation":{"x":-0.02345290593802929,"y":0.9731529951095581,"z":-0.11527816206216812,"w":-0.19797541201114655},"size":3.598299741744995,"orthographic":false}