{"cameraMode":{"drawMode":0,"name":"Shaded","section":"Shading Mode"},"sceneLighting":false,"audioPlay":false,"sceneViewState":{"showFog":true,"showMaterialUpdate":false,"showSkybox":false,"showFlares":true,"showImageEffects":true,"showParticleSystems":true},"in2DMode":false,"pivot":{"x":12.286306381225586,"y":-0.2374131679534912,"z":-3.2789711952209474},"rotation":{"x":-0.02345290593802929,"y":0.9731529951095581,"z":-0.11527816206216812,"w":-0.19797541201114655},"size":3.3035669326782228,"orthographic":false}