{"cameraMode":{"drawMode":0,"name":"Shaded","section":"Shading Mode"},"sceneLighting":false,"audioPlay":false,"sceneViewState":{"showFog":true,"showMaterialUpdate":false,"showSkybox":false,"showFlares":true,"showImageEffects":true,"showParticleSystems":true},"in2DMode":false,"pivot":{"x":10.072378158569336,"y":1.746476411819458,"z":0.2584236264228821},"rotation":{"x":-0.02345290593802929,"y":0.9731529951095581,"z":-0.11527816206216812,"w":-0.19797541201114655},"size":5.21307373046875,"orthographic":false}