{"cameraMode":{"drawMode":0,"name":"Shaded","section":"Shading Mode"},"sceneLighting":true,"audioPlay":false,"sceneViewState":{"showFog":true,"showMaterialUpdate":false,"showSkybox":true,"showFlares":true,"showImageEffects":true,"showParticleSystems":true},"in2DMode":false,"pivot":{"x":12.297884941101075,"y":6.81292724609375,"z":3.987055540084839},"rotation":{"x":-0.14323705434799195,"y":0.8089227080345154,"z":-0.22021734714508058,"w":-0.5260462164878845},"size":0.00005543319639400579,"orthographic":false}