{"cameraMode":{"drawMode":0,"name":"Shaded","section":"Shading Mode"},"sceneLighting":false,"audioPlay":false,"sceneViewState":{"showFog":true,"showMaterialUpdate":false,"showSkybox":false,"showFlares":true,"showImageEffects":true,"showParticleSystems":true},"in2DMode":false,"pivot":{"x":9.382526397705079,"y":-0.5172823667526245,"z":4.2919158935546879},"rotation":{"x":-0.02345290593802929,"y":0.9731529951095581,"z":-0.11527816206216812,"w":-0.19797541201114655},"size":3.823101758956909,"orthographic":false}